																																																		
	F	F	F	D	F	F	F	F	F	F	F	F	F	F	F	D	F	F	F	D	F	F	F	F	F	F	F		F	F	F	F	F		F	F	F	F	F	D	F	F	F							
	F	F	F												D		F	F	F								F		F		F		F		F	F	F	F	F		F	F	F							
	F	F	F										F	F	F		F	F	F	D	F	F	F				F		F		F		F	D	F	F	F	F	F		F	F	F							
	DP												F	F	F		F	F	F		F	F	F				F		F		F		SD		F	F	F	F	F		F	F	F							
	F	F	F		F	F	F	F	F	F	F	D	F	F	F	D	F	F	F		F	F	F	DP	F	F	F		F		F		SDD		F	F	F	F	F		F	F	F	DS	F					
	F	F	F		F	F	F	F	F	F	F																		D		F				F	F	F	F	F		F	F	F		F					
	F	F	F		F	F	F	F	F	F	F	D	F	F	F		F	F	F	F	F		F	F	F	F	F	F	F		F	F	F		F	F	F	F	F		F	F	F		F					
	F	F	F						D				F	F	F		F				F		F	F	F	F	F	F	F				F						D		F				D					
	F	F	F		F	F	F		F	F	F		F	F	F		F		F		F		F	F	F	F	F	F	F		SUU		F						F	F	F		F	F	F	F	F	F	F	
			D				F				F		F	F	F		F		F		F						D				SU		F										F	F	F	F	F	F	F	
	F		F	F	F		F	F	F	F	F		F	F	F		F	F	F		F	F	F	DP	F	F	F	F	F		F		F				F	F	F				F	F	F	F	F	F	F	
	F		F	F	F								D						F		F				F	F	F	F	F		F		F				F	F	F				F	F	F	F	F	F	F	
	F		F	F	F	D	F	F	F		F	F	F		F	F	F		F		F	F	F		F	F	F	F	F		F		F				F	F	F	DP	F		F	F	F	F	F	F	F	
	F								F		F	F	F		F		F		F				D				DS				F		F				F	F	F		F		F	F	F	F	F	F	F	
	F	F	F	F	F	F	F		F		F	F	F	D	F		F	F	F				F	F	F	F	F		F	F	F		F				F	F	F		F		F	F	F	F	F	F	F	
	F		DS		F				F		F	F	F		F								F	F	F	F	F				F		F				F	F	F		F				F					
	F		F	F	F	F	F		F		F	F	F		F		F	F	F	F	F	D	F	F	F	F	F		F	F	F		F				F	F	F		F	F	F	F	F	F	F	F	F	
	F		F	F	F	F	F		F								F	F	F	F	F								D				D																F	
	F		F	F	F	F	F		F	F	F	F	F	F	F		F	F	F	F	F		F	F	F	F	F	F	F	F	F	F	F				F	F	F	D	F	F	F	F	F				F	
	D		D												F						D		F	F	F	F	F	F	F	F	F	F	F				F				F	F	F	F	F				F	
	F	F	F		F				F	F	F	F	F		F		F	F	F		F		F	F	F	F	F	F	F	F	F	F	F				F		F		F	F	F	F	F	DP	F	F	F	
	F	F	F						F	F	F	F	F		F		F				F		F	F	F	F	F	F	F	F	F	F	F				F		F		F	F	F	F	F					
	F	F	F	D	F	F	F	DS	F	F	F	F	F		F		F	F	F	F	F		F	F	F	F	F	F	F	F	F	F	F				F	F	F		F	F	F	F	F					
	F	F	F		F	F	F		F	F	F	F	F		F				D						F								D						D		F	F	F	F	F					
	F	F	F		F	F	F		F	F	F	F	F		F		F	F	F	F	F	F	F	F	F	F	F		F	F	F	F	F		F	F	F	F	F		F	F	F	F	F					
	D										D				F		F	F	F	F	F		F	F	F	F	F		F	F	F	F	F		F	F	F	F	F				D							
	F		F	F	F	F	F	F	F		F	F	F		F	D	F	F	F	F	F		F	F	F	F	F	DS	F	F	F	F	F		F	F	F	F	F		F		F	F	F	F	F	F	F	
	F		F						F		F						F	F	F	F	F		F	F	F	F	F		F	F	F	F	F		F	F	F	F	F		F		F	F	F	F	F	F	F	
	F		F	F	F	F	F		F	F	F		F	F	F	DS	F	F	F	F	F		F	F	F	F	F		F	F	F	F	F	D	F	F	F	F	F		F	D	F	F	F	F	F	F	F	
	F		F				DS				F		F	F	F		F	F	F	F	F						D						DP		F	F	F	F	F		F						D		D	
	F		F		F	F	F	F	F		F		F	F	F		F	F	F	F	F		F	F	F	F	F		F	F	F	F	F		F	F	F	F	F		F	F	F	F	F		F		F	
	F		F		F	F	F	F	F		F		F	F	F		F	F	F	F	F		F	F	F	F	F		F	F	F	F	F		F	F	F	F	F				D				F		F	
	F		F		F	F	F	F	F		F		F	F	F		F	F	F	F	F		F	F	F	F	F	D	F	F	F	F	F	F	F	F	F	F	F	D	F	F	F	F	F	F	F		F	
	F												F	F	F		F	F	F	F	F		F	F	F	F	F		F	F	F	F	F		F	F	F	F	F		F	F	F	F	F	F	F		F	
	F	F	F	F	F	F	F	F	F	F	F	DP	F	F	F		F	F	F	F	F	D	F	F	F	F	F		F	F	F	F	F		F	F	F	F	F		F	F	F	F	F	F	F		F	
	F														DS				D				D										D		DS						F	F	F	F	F	F	F		F	
	F				F	F	F	F	F	F	F	F	F	D	F	F	F		F		F		F	F	F	F	F	F	F	F	F	F	F		F	F	F	F	F	D	F	F	F	F	F	F	F		F	
	F				F										F	F	F		F		F		F	F	F	F	F	F	F	F	F	F	F												D				F	
	F				F		F	F	F	F	F	F	F		F	F	F		F		F		F	F	F	F	F	F	F	F	F	F	F	D	F	F	F	D	F		F	F	F	F	F	F	F		F	
	F				F		F		F	F	F	F	F		F	F	F		F		F		F	F	F	F	F	F	F	F	F	F	F		F	F	F		F		F						F		F	
	F				F		F	D	F	F	F	F	F	D	F	F	F		F	F	F		F	F	F	F	F	F	F	F	F	F	F		F	F	F		F	F	F		F	F	F		F		F	
	F				F								D										F				DS						D		F	F	F				F		F	F	F		F		F	
	F				F	F	F	F	F	F	F		F	F	F		F	F	F	D	F	F	F		F	F	F						F		F	F	F	D	F	F	F		F	F	F		F		F	
	F						D				F		F	F	F		F				F	F	F		F	F	F						F						F				D						F	
	F		F	F	F	F	F				F		F	F	F		F				F	F	F	D	F	F	F						F	F	F	F	F	F	F		F	F	F	F	F	F	F	F	F	
	F		F	F	F	F	F				F				F		F										F						D				D				F									
	F		F	F	F	F	F				F		F		F	F	F		F	F	F	F	F	F	F		F	F	F				F	F	F		F	F	F		F				F	F	F	D	F	
	F		F	F	F	F	F				D		DP						D						F		F	F	F				F	F	F		F	F	F		F				F	F	F		F	
	F		F	F	F	F	F		F	F	F	F	F				F	F	F	F	F		F		F		F	F	F				F	F	F	D	F	F	F	D	F				F	F	F		F	
	F		D				F		F	F	F	F	F				F	F	F	F	F		F		F		F	F	F				D												F	F	F		F	
	F		F	DS	F	F	F		F	F	F	F	F				F	F	F	F	F		F		F	D	F	F	F		F	F	F	F	F	F	F	D	F	F	F	D	F		F	F	F		F	
	F				F	F	F		F	F	F	F	F				F	F	F	F	F		F		F						F	F	F	F	F	F	F		F	F	F		F		F	F	F		F	
	F				F	F	F		F	F	F	F	F	D	F		F	F	F	F	F	D	F		F	F	F	F	F		F	F	F	F	F	F	F		F	F	F		F		F	F	F		F	
	F								F	F	F	F	F		F								F						F		F	F	F	F	F	F	F		F	F	F		F						F	
	F	F	F	F	F	F	F	D	F	F	F	F	F		F	F	F	F	F	F	F		F		F	F	F		F	D	F	F	F	F	F	F	F		F	F	F		F	F	F	F	F	F	F	
											D										F		F		F	F	F		F				DP				D		F	F	F		F						F	
	F	F	F		F	DP	F	F	F	F	F	F	F								F	F	F		F	F	F	D	F	F	F	F	F		F	F	F		F	F	F		F		F	F	F		F	
	F	F	F		F		F	F	F	F	F	F	F												F	F	F																F		F	F	F		F	
	F	F	F	D	F		F	F	F	F	F	F	F	D	F	F	F		F	F	F	F	F		F	F	F		F	F	F	F	F	F	F	D	F	F	F	F	F	F	F		F	F	F	D	F	
							F	F	F	F	F	F	F				F		F	F	F	F	F		D				F	F	F	F	F	F	F		F						F		F	F	F			
	F	F	F	F	F	D	F	F	F	F	F	F	F		F	F	F		F	F	F	F	F	D	F		F		F	F	F	F	F	F	F		F		F	F	F		F		F	F	F			
	F														F				F	F	F	F	F				F										F		F		F		F		F	F	F			
	F	F	F	F	F	F	F	F	F	F	F	F	F	F	F				F	F	F	F	F	D	F	F	F	F	F	F	F	F	F	F	F	F	F		F		F	F	F		F	F	F			
																																																		